child_value,danaos_co_code,database,company,short_name,name,managed_by,company_group,chart,company_type,base_currency,remarks,group_flag_1,group_flag_2,official_currency,global_vessel_id,create_intercompanies,is_filing,active_flag,company_level,bank_ledger,group_details_from,group_details_to,tonnage_tax_from,tonnage_tax_to,vat_group_from,vat_group_to,incexp_managed_by
8101,2,OFFICE,2,OE.LEV SAMAMA-Zo,R.L. Samama (Zodiac),12,Z,C,V,USD,New company created for payment of expenses,1,1,USD,,Y,Y,N,0,,,,,,,,
4152,38,QPSL,38,Longleigh Limted,Longleigh Limted,38,R,C,M,USD,,1,3,USD,,Y,Y,Y,0,,,,,,,,
5615,38,QCT,38,Longleigh Limted,Longleigh Limted,38,R,C,M,USD,,1,3,USD,,Y,Y,Y,0,,,,,,,,
4152,38,EPS,38,Longleigh Limted,Longleigh Limted,38,R,C,M,USD,,1,3,USD,,Y,Y,Y,0,,,,,,,,
4241,50,QPSL,50,QPS Ventures,QPS Ventures,50,Y,C,M,USD,,1,3,USD,,Y,Y,N,0,,,,,,,,
4153,39,QPSL,39,EPC (7),Eastern Pacific Chartering (7) Inc,39,R,C,M,USD,,1,3,USD,,Y,Y,Y,0,,,,,,,,
4153,39,EPS,39,EPC (7),Eastern Pacific Chartering (7) Inc,39,R,C,M,USD,,1,3,USD,,Y,Y,Y,0,,,,,,,,
4741,40,QPSL,40,EPS UK,EPS UK,40,U,C,M,USD,,1,3,USD,,Y,Y,Y,0,,,,,,,,
4741,40,EPS,40,EPS UK,EPS UK,40,U,C,M,USD,,1,3,USD,,Y,Y,Y,0,,,,,,,,
4154,2145,,2145,MOUNT CARMEL,MOUNT CARMEL,13,R,C,V,USD,"Ex Cape Lilac. Delivered fm Owner (Fairwind Nav & Mizuho Sangyo) to BB Chtr (EPC (10)) on 30/6/17 1030 LT, 0130 GMT",1,1,USD,,Y,Y,Y,0,,,,,,,,
4155,1422,,1422,BANDA SEA,BANDA SEA,13,R,C,V,USD,"Ex BM Mimosa, bb charter fm Asian Cruiser wef13/7/12,fm FOSI to PW-Sep12 reportg, TPM to EPS mgt wef13/11/13",1,1,USD,,Y,Y,Y,0,,,,,,,,
4156,2023,,2023,BELLA,BELLA,13,R,C,V,USD,"Name chg fm Ex MSC Bellatrix to Bella on 12/4/15 at 2000 hrs LT, Ex Norasia Bellatrix",1,1,USD,,Y,Y,Y,0,,,,,,,,
4157,2004,,2004,BOTSWANA N,BOTSWANA N,13,X,C,V,USD,,1,1,USD,,Y,Y,Y,0,,,,,,,,
4479,46,QPSL,46,Woods Finance,Woods Finance Inc,40,U,C,M,USD,,1,3,USD,,Y,Y,Y,0,,,,,,,,
4479,46,EPS,46,Woods Finance,Woods Finance Inc,40,U,C,M,USD,,1,3,USD,,Y,Y,Y,0,,,,,,,,
4761,47,QPSL,47,Scotton Holdings,Scotton Holdings Inc,40,U,C,M,USD,,1,3,USD,,Y,Y,Y,0,,,,,,,,
4761,47,EPS,47,Scotton Holdings,Scotton Holdings Inc,40,U,C,M,USD,,1,3,USD,,Y,Y,Y,0,,,,,,,,
4343,1139,,1139,SAVANNAH,SAVANNAH,13,P,C,V,USD,"Ex Eagle Sagitta, Mgt trf from TPMS to EPS on 27/11/13",1,1,USD,,Y,Y,Y,0,,,,,,,,
4371,49,,49,Tankers Brazil,Tankers Brazil,40,U,C,M,USD,,1,3,USD,,Y,Y,Y,0,,,,,,,,
4372,52,,52,SA Tanker Co,South American Tanker Company SA,40,U,C,M,USD,,1,3,USD,,Y,Y,Y,0,,,,,,,,
6161,48,QPSL,48,Arzel BVI,Arzel Shipping Inc,40,U,C,M,USD,,1,3,USD,,Y,Y,Y,0,,,,,,,,
6161,48,EPS,48,Arzel BVI,Arzel Shipping Inc,40,U,C,M,USD,,1,3,USD,,Y,Y,Y,0,,,,,,,,
4472,2090,,2090,LAKE KIVU,LAKE KIVU,40,U,C,V,USD,EX CSAV RIO IMPERIAL,1,1,USD,,Y,Y,Y,0,,,,,,,,
4473,2086,,2086,KOWLOON BAY,KOWLOON BAY,40,U,C,V,USD,"Name chg fm Pusan to Kowloon Bay wef 4/4/17, previously name chg fm Zim Pusan to Pusan wef 29/5/14",1,1,USD,,Y,Y,Y,0,,,,,,,,
4474,2093,,2093,LAKE WANAKA,LAKE WANAKA,40,U,C,V,USD,Name chg from Triumph to Lake Wanaka wef 28/6/19,1,1,USD,,Y,Y,Y,0,,,,,,,,
4476,2088,,2088,LAKE SUPERIOR,LAKE SUPERIOR,40,U,C,V,USD,Name chg fm CSAV Rio Aysen on 25/8/16,1,1,USD,,Y,Y,Y,0,,,,,,,,
5005,2013,,2013,MOUNT APO,MOUNT APO,13,W,C,V,USD,Name chg from Cape Seagull to Mount Apo on 31/7/15,1,1,USD,,Y,Y,Y,0,,,,,,,,
4478,2091,,2091,LAKE TAUPO,LAKE TAUPO,40,U,C,V,USD,"Ex Morning Miracle, Name chg to Lake Taupo on 9/2/17",1,1,USD,,Y,Y,Y,0,,,,,,,,
5501,2013,,2013,MOUNT APO,MOUNT APO,13,W,C,V,USD,Name chg from Cape Seagull to Mount Apo on 31/7/15,1,1,USD,,Y,Y,Y,0,,,,,,,,
4481,2071,,2071,HAMBURG BAY,HAMBURG BAY,40,U,C,V,USD,"Name chg fm Zim Hamburg to Hamburg Bay wef 25/9/16, Ex APL Tokyo - name chg wef 11/4/14",1,1,USD,,Y,Y,Y,0,,,,,,,,
4153,2036,QPSL,2036,MOUNT NEVIS,MOUNT NEVIS,13,R,C,V,USD,"Ex Cape Harrier, Redy fm TC fm Disp Owner Edelweiss,simult. del into BB chtr fm owner Fair Wind on 14/5/15 0700 LT",1,1,USD,,Y,Y,Y,0,,,,,,,,
4153,2036,EPS,2036,MOUNT NEVIS,MOUNT NEVIS,13,R,C,V,USD,"Ex Cape Harrier, Redy fm TC fm Disp Owner Edelweiss,simult. del into BB chtr fm owner Fair Wind on 14/5/15 0700 LT",1,1,USD,,Y,Y,Y,0,,,,,,,,
4153,2070,QPSL,2070,KENT,KENT,13,R,C,V,USD,,1,1,USD,,Y,Y,Y,0,,,,,,,,
4762,2075,,2075,HYUNDAI LONG BEA,HYUNDAI LONG BEACH,40,U,C,V,USD,,1,1,USD,,Y,Y,Y,0,,,,,,,,
4763,2079,,2079,HYUNDAI TACOMA,HYUNDAI TACOMA,40,U,C,V,USD,,1,1,USD,,Y,Y,Y,0,,,,,,,,
4153,2070,EPS,2070,KENT,KENT,13,R,C,V,USD,,1,1,USD,,Y,Y,Y,0,,,,,,,,
4153,2072,QPSL,2072,BOTSWANA,BOTSWANA,13,R,C,V,USD,,1,1,USD,,Y,Y,Y,0,,,,,,,,
4153,2072,EPS,2072,BOTSWANA,BOTSWANA,13,R,C,V,USD,,1,1,USD,,Y,Y,Y,0,,,,,,,,
4783,2174,,2174,SCARLET RAY,SCARLET RAY,13,P,C,V,USD,"Ex Hull 653. Del on 19/2/20 1030 hrs LT, 0130 hrs GMT, Straight BB fm Owner - 1-Shipping to BB Chtr - EPC (18)",1,1,USD,,Y,Y,Y,0,,,,,,,,
4784,2182,,2182,INDIGO RAY,INDIGO RAY,13,P,C,V,USD,"Ex BW Boron. Vsl delivered on 23/719 0748 hrs LT, 0548 hrs GMT, with simultaneious sale & BB chtr back to EPC (24)",1,1,USD,,Y,Y,Y,0,,,,,,,,
4785,2183,,2183,LAVENDER RAY,LAVENDER RAY,13,P,C,V,USD,"Ex BW Helium. Delivered on 17/9/19 0415 LT, 0215 GMT,  with simultaneous sale & BB Chtr back to EPC (25) Inc",1,1,USD,,Y,Y,Y,0,,,,,,,,
4786,2184,,2184,RADIANT RAY,RADIANT RAY,13,P,C,V,USD,"Ex BW Iridium. Vsl delivered on 17/10/19 @ 0848 LT, 0648 GMT, with simultaneous sale & BB Chtr back to EPC (26) Inc",1,1,USD,,Y,Y,Y,0,,,,,,,,
4787,2185,,2185,SUNRISE RAY,SUNRISE RAY,13,P,C,V,USD,"Ex BW Radon. Vsl delivered on 30/12/19 @ 0740 LT, 0340 GMT, with simultaneous sale & BB Chtr back to EPC (27) Inc",1,1,USD,,Y,Y,Y,0,,,,,,,,
4788,2066,,2066,SILVER RAY,SILVER RAY,13,P,C,V,USD,"Ex Kenton Park, name chg wef 4/3/14",1,1,USD,,Y,Y,Y,0,,,,,,,,
4789,2062,,2062,GOLDEN RAY,GOLDEN RAY,13,P,C,V,USD,"Ex Beihai Park, name change wef 5/2/14",1,1,USD,,Y,Y,Y,0,,,,,,,,
4791,2150,,2150,LILAC RAY,LILAC RAY,13,P,C,V,USD,"Ex Hull 643. Del on 27/2/20 1200 hrs LT, 0300 hrs GMT, Straight BB fm Owner-Friend Shine to BB Chtr-Jena Maritime Inc",1,1,USD,,Y,Y,Y,0,,,,,,,,
4792,2067,,2067,EBONY RAY,EBONY RAY,13,P,C,V,USD,"Ex MILLENNIUM PARK, name changed wef 6/3/14",1,1,USD,,Y,Y,Y,0,,,,,,,,
4793,2065,,2065,IVORY RAY,IVORY RAY,13,P,C,V,USD,"Ex HIGHBURY PARK, name chg wef 6/3/14",1,1,USD,,Y,Y,Y,0,,,,,,,,
4153,2082,QPSL,2082,MOZAMBIQUE,MOZAMBIQUE,13,R,C,V,USD,,1,1,USD,,Y,Y,Y,0,,,,,,,,
4991,2158,,2158,CRIMSON RAY,CRIMSON RAY,13,P,C,V,USD,"Ex Arabian Orchid, delivered on 8/12/17 1140 LT, 0340 GMT",1,1,USD,,Y,Y,Y,0,,,,,,,,
4153,2082,EPS,2082,MOZAMBIQUE,MOZAMBIQUE,13,R,C,V,USD,,1,1,USD,,Y,Y,Y,0,,,,,,,,
5002,2050,,2050,WUGANG CAIFU,WUGANG CAIFU,13,W,C,V,USD,,1,1,USD,,Y,Y,Y,0,,,,,,,,
5003,2048,,2048,SHAGANG GIANT,SHAGANG GIANT,13,W,C,V,USD,,1,1,USD,,Y,Y,Y,0,,,,,,,,
5004,2045,,2045,HANDAN STEEL,HANDAN STEEL,13,W,C,V,USD,,1,1,USD,,Y,Y,Y,0,,,,,,,,
4475,2085,,2085,JACKSON BAY,JACKSON BAY,40,U,C,V,USD,Name chg fm Zim India to Jackson Bay on 8/9/18,1,1,USD,,Y,Y,Y,0,,,,,,,,
5006,2016,,2016,WESTGATE,WESTGATE,13,W,C,V,USD,,1,1,USD,,Y,Y,Y,0,,,,,,,,
5007,2135,,2135,MOUNT ULURU,MOUNT ULURU,13,W,C,V,USD,"Ex Atlantic Maru.Del from Seller, then to new Owners, simultaneously del into bb chtr on 4Dec15 0621 hrs LT, 0521 GMT ",1,1,USD,,Y,Y,Y,0,,,,,,,,
5008,2136,,2136,MOUNT SINAI,MOUNT SINAI,13,W,C,V,USD,"Ex Shagang First. Del fm Seller, then to new Owners, simultaneoulsy del into bb Chtr on 9Dec15 1031 hrs LT, 0231 GMT",1,1,USD,,Y,Y,Y,0,,,,,,,,
5009,2137,,2137,MOUNT AUSTIN,MOUNT AUSTIN,13,W,C,V,USD,Ex First Emu. Delivered into BB chtr on 7 Dec 15 15:20 LT 07:20 GMT,1,1,USD,,Y,Y,Y,0,,,,,,,,
5011,2138,,2138,MOUNT HERMON,MOUNT HERMON,13,W,C,V,USD,"Ex Megalodon, Del fm seller, then to new owners and simult del into BB chtr fm new owner on26/1/16 1428 LT, 0528 GM",1,1,USD,,Y,Y,Y,0,,,,,,,,
5012,2139,,2139,MOUNT BOLIVAR,MOUNT BOLIVAR,13,W,C,V,USD,"Ex Hull S-8156. Del fm seller, then to new owners and simult del into BB chtr fm new owner on 30/3/16 1000LT 0100GMT",1,1,USD,,Y,Y,Y,0,,,,,,,,
5013,2141,,2141,DAIMONGATE,DAIMONGATE,13,W,C,V,USD,Hull S-Z399. Del on 30/8/17 w simult BB Chtr to Disp owner: EPC (9)Owner:Takanawa Line(20%)&Toyo Kaiun Co(80%),1,1,USD,,Y,Y,Y,0,,,,,,,,
4477,2085,,2085,JACKSON BAY,JACKSON BAY,40,U,C,V,USD,Name chg fm Zim India to Jackson Bay on 8/9/18,1,1,USD,,Y,Y,Y,0,,,,,,,,
5015,2060,,2060,CRYSTALGATE,CRYSTALGATE,13,W,C,V,USD,,1,1,USD,,Y,Y,Y,0,,,,,,,,
5016,2032,,2032,DEVONGATE,DEVONGATE,13,W,C,V,USD,"Ex DACKS HULL DE017, delivered from DACKS Shipyard in China on 21/8/14 at 09:40 hrs LT (01:40 hrs GMT)",1,1,USD,,Y,Y,Y,0,,,,,,,,
5017,2030,,2030,INDIAN FRIENDSHI,INDIAN FRIENDSHIP,13,W,C,V,USD,NB - Hull S-1449 STX Cape 1,1,1,USD,,Y,Y,Y,0,,,,,,,,
5018,2196,,2196,HULL 1531,HULL 1531,13,W,C,V,USD,,1,1,USD,,Y,Y,Y,0,,,,,,,,
5019,2197,,2197,HULL 1532,HULL 1532,13,W,C,V,USD,,1,1,USD,,Y,Y,Y,0,,,,,,,,
5021,2061,,2061,STARGATE,STARGATE,13,W,C,V,USD,,1,1,USD,,Y,Y,Y,0,,,,,,,,
5022,2059,,2059,BRIDGEGATE,BRIDGEGATE,13,W,C,V,USD,,1,1,USD,,Y,Y,Y,0,,,,,,,,
5023,2052,,2052,MOUNT OPHIR,MOUNT OPHIR,13,W,C,V,USD,"Name chg fm Cape Gannet to Mount Ophir on 10/8/15. Ex Cape Condor-vsl Cht in till 25/11/13,pur by Nefstep Marine Inc",1,1,USD,,Y,Y,Y,0,,,,,,,,
5024,2157,,2157,DIVINEGATE,DIVINEGATE,13,W,C,V,USD,"Ex Hull DE046. Delivered on 15/3/19 at 0831 hrs LT, 0031 hrs GMT",1,1,USD,,Y,Y,Y,0,,,,,,,,
5025,2026,,2026,INDIAN HARMONY,INDIAN HARMONY,13,W,C,V,USD,"STX PANAMAX 1567, delivered on 15/11/13",1,1,USD,,Y,Y,Y,0,,,,,,,,
5026,2028,,2028,INDIAN SOLIDARIT,INDIAN SOLIDARITY,13,W,C,V,USD,EX STX PANAMAX 1568 - Delivered fm yard on 7/1/14,1,1,USD,,Y,Y,Y,0,,,,,,,,
5027,2146,,2146,HULL 754,HULL 754,13,X,C,V,USD,,1,1,USD,,Y,Y,Y,0,,,,,,,,
6522,2124,QPSL,2124,MSC DIANA,MSC DIANA,13,Q,C,V,USD,"Ex Hull 2138. Deliver fm builder to buyer (Tiny Box) with simutaneous delivery to BB Chtr on 30/6/16 1045 LT, 0145 GMT",1,1,USD,,Y,Y,Y,0,,,,,,,,
6522,2124,QUBIC,2124,MSC DIANA,MSC DIANA,13,Q,C,V,USD,"Ex Hull 2138. Deliver fm builder to buyer (Tiny Box) with simutaneous delivery to BB Chtr on 30/6/16 1045 LT, 0145 GMT",1,1,USD,,Y,Y,Y,0,,,,,,,,
6522,2124,EPS,2124,MSC DIANA,MSC DIANA,13,Q,C,V,USD,"Ex Hull 2138. Deliver fm builder to buyer (Tiny Box) with simutaneous delivery to BB Chtr on 30/6/16 1045 LT, 0145 GMT",1,1,USD,,Y,Y,Y,0,,,,,,,,
5204,2191,,2191,DENVER,DENVER,13,P,C,V,USD,"Ex Ernest N. Vsl delivered on 11/9/19 0615 LT, 1115 GMT",1,1,USD,,Y,Y,Y,0,,,,,,,,
5205,2192,,2192,HELSINKI,HELSINKI,13,P,C,V,USD,"Ex George N. Vessel delivered on 17/10/19 1116 Singapore Time, 0316 GMT",1,1,USD,,Y,Y,Y,0,,,,,,,,
5206,2103,,2103,CAMBRIDGE,CAMBRIDGE,13,P,C,V,USD,"Ex Camberley, vsl delivered on 10/3/14",1,1,USD,,Y,Y,Y,0,,,,,,,,
5207,2193,,2193,TOKYO,TOKYO,13,P,C,V,USD,"Ex Jenny N. Vessel delivered on 19/9/19 1212 LT, 0312 GMT",1,1,USD,,Y,Y,Y,0,,,,,,,,
5208,2105,,2105,MANITOBA,MANITOBA,13,P,C,V,USD,"Ex Hull 8178. Delivered on 26/10/16 @ 1700 LT, 0800 hrs GMT",1,1,USD,,Y,Y,Y,0,,,,,,,,
6523,2125,QPSL,2125,MSC INGY,MSC INGY,13,Q,C,V,USD,"Ex Hull 2139. Deliver fm builder to buyer(Jumbo Box) with simutaneous dely to BB Chtr on 6/7/16 0935 LT, 0035 GMT",1,1,USD,,Y,Y,Y,0,,,,,,,,
5211,2108,,2108,ONTARIO,ONTARIO,13,P,C,V,USD,Ex Hull 8180. Vessel delivered fm Builder on 16/2/17 1530 hrs LT 0630 GMT,1,1,USD,,Y,Y,Y,0,,,,,,,,
5212,2109,,2109,QUEBEC,QUEBEC,13,P,C,V,USD,Ex Hull 8181.  Vsl delivered from Builder on 28/4/17 1425 hrs LT 0525 GMT,1,1,USD,,Y,Y,Y,0,,,,,,,,
5213,2106,,2106,NOVA SCOTIA,NOVA SCOTIA,13,P,C,V,USD,Ex HULL HULL 8179. Delivered from Builder on 30/11/16 1515 hrs LT 0615 GMT,1,1,USD,,Y,Y,Y,0,,,,,,,,
6523,2125,QUBIC,2125,MSC INGY,MSC INGY,13,Q,C,V,USD,"Ex Hull 2139. Deliver fm builder to buyer(Jumbo Box) with simutaneous dely to BB Chtr on 6/7/16 0935 LT, 0035 GMT",1,1,USD,,Y,Y,Y,0,,,,,,,,
5402,2171,,2171,LAKE TAUPO - H,LAKE TAUPO - H,40,U,C,M,USD,,1,3,USD,,Y,Y,Y,0,,,,,,,,
5403,2170,,2170,LAKE KIVU - H,LAKE KIVU - H,40,U,C,M,USD,,1,3,USD,,Y,Y,Y,0,,,,,,,,
5404,2092,,2092,LAKE COMO,LAKE COMO,13,W,C,V,USD,,1,1,USD,,Y,Y,Y,0,,,,,,,,
5502,2064,,2064,GREEN RAY,GREEN RAY,13,P,C,V,USD,"Ex Green Park, name changed wef 27/2/14",1,1,USD,,Y,Y,Y,0,,,,,,,,
5503,2063,,2063,YELLOW RAY,YELLOW RAY,13,P,C,V,USD,"Ex Belsize Park, name chg to Yellow Ray on 2/2/14",1,1,USD,,Y,Y,Y,0,,,,,,,,
5504,2068,,2068,AMBER RAY,AMBER RAY,13,P,C,V,USD,"Ex PRINCES PARK, name change wef 6/5/14",1,1,USD,,Y,Y,Y,0,,,,,,,,
6523,2125,EPS,2125,MSC INGY,MSC INGY,13,Q,C,V,USD,"Ex Hull 2139. Deliver fm builder to buyer(Jumbo Box) with simutaneous dely to BB Chtr on 6/7/16 0935 LT, 0035 GMT",1,1,USD,,Y,Y,Y,0,,,,,,,,
5506,2156,,2156,LIONSGATE,LIONSGATE,13,W,C,V,USD,"Delivered fm Builder and then to buyer Nanua Marine Ltd on 5/3/19 at 1047 hrs LT, 0247 hrs GMT",1,1,USD,,Y,Y,Y,0,,,,,,,,
5507,2147,,2147,HULL 755,HULL 755,13,X,C,V,USD,,1,1,USD,,Y,Y,Y,0,,,,,,,,
6524,2126,QPSL,2126,MSC ELOANE,MSC ELOANE,13,Q,C,V,USD,"Ex Hull 2140. Deliver fm builder to buyer(Mega Box) with simutaneous dely to BB Chtr on 28/9/16 1010 LT, 0110 GMT",1,1,USD,,Y,Y,Y,0,,,,,,,,
6524,2126,QUBIC,2126,MSC ELOANE,MSC ELOANE,13,Q,C,V,USD,"Ex Hull 2140. Deliver fm builder to buyer(Mega Box) with simutaneous dely to BB Chtr on 28/9/16 1010 LT, 0110 GMT",1,1,USD,,Y,Y,Y,0,,,,,,,,
6524,2126,EPS,2126,MSC ELOANE,MSC ELOANE,13,Q,C,V,USD,"Ex Hull 2140. Deliver fm builder to buyer(Mega Box) with simutaneous dely to BB Chtr on 28/9/16 1010 LT, 0110 GMT",1,1,USD,,Y,Y,Y,0,,,,,,,,
6525,2127,QPSL,2127,MSC MIRJAM,MSC MIRJAM,13,Q,C,V,USD,"Ex Hull 2156. Deliver fm builder to buyer(Giant Box) with simutaneous dely to BB Chtr on 17/11/16 1000 LT, 0100 GMT",1,1,USD,,Y,Y,Y,0,,,,,,,,
6525,2127,QUBIC,2127,MSC MIRJAM,MSC MIRJAM,13,Q,C,V,USD,"Ex Hull 2156. Deliver fm builder to buyer(Giant Box) with simutaneous dely to BB Chtr on 17/11/16 1000 LT, 0100 GMT",1,1,USD,,Y,Y,Y,0,,,,,,,,
6525,2127,EPS,2127,MSC MIRJAM,MSC MIRJAM,13,Q,C,V,USD,"Ex Hull 2156. Deliver fm builder to buyer(Giant Box) with simutaneous dely to BB Chtr on 17/11/16 1000 LT, 0100 GMT",1,1,USD,,Y,Y,Y,0,,,,,,,,
6526,2128,QPSL,2128,MSC RIFAYA,MSC RIFAYA,13,Q,C,V,USD,"Ex Hull 2157. Deliver fm builder to buyer(Titan Box) with simutaneous dely to BB Chtr on 9/2/17 1040 LT, 0140 GMT",1,1,USD,,Y,Y,Y,0,,,,,,,,
6526,2128,QUBIC,2128,MSC RIFAYA,MSC RIFAYA,13,Q,C,V,USD,"Ex Hull 2157. Deliver fm builder to buyer(Titan Box) with simutaneous dely to BB Chtr on 9/2/17 1040 LT, 0140 GMT",1,1,USD,,Y,Y,Y,0,,,,,,,,
5619,1238,,1238,ROSS SEA,ROSS SEA,13,C,C,V,USD,"Ex Hull S-771, Sasebo NB-del on 20/7/11, vsl grp chg fm FOSI to PW in 2011, mgt chg fm TPM to EPS wef 26/11/13",1,1,USD,,Y,Y,Y,0,,,,,,,,
5621,2121,,2121,LIGURIAN SEA,LIGURIAN SEA,13,C,C,V,USD,"Ex Smart Lady, Vsl delivered on18th December 2014 at 1715 hours LT (1015 Hours GMT).",1,1,USD,,Y,Y,Y,0,,,,,,,,
5622,2132,,2132,MARMARA SEA,MARMARA SEA,13,C,C,V,USD,"Ex Asian Sapphire. Delivered fm Seller, Afra 1 International in Singapore on 5 Jun 2015 @ 0918 hrs GMT",1,1,USD,,Y,Y,Y,0,,,,,,,,
5623,1098,,1098,COSMIC JEWEL,COSMIC JEWEL,13,C,C,V,USD,"Ex Tantramar, Trf fm FOSI TO PW wef Mar11 (Del-4/12/02, Ex Irving Primrose), Ship mgt chg fm TPM to EPS on 3/2/14",1,1,USD,,Y,Y,Y,0,,,,,,,,
6526,2128,EPS,2128,MSC RIFAYA,MSC RIFAYA,13,Q,C,V,USD,"Ex Hull 2157. Deliver fm builder to buyer(Titan Box) with simutaneous dely to BB Chtr on 9/2/17 1040 LT, 0140 GMT",1,1,USD,,Y,Y,Y,0,,,,,,,,
5625,2189,,2189,HULL 0311127,HULL 0311127,13,C,C,V,USD,,1,1,USD,,Y,Y,Y,0,,,,,,,,
5626,2190,,2190,HULL 0311128,HULL 0311128,13,C,C,V,USD,,1,1,USD,,Y,Y,Y,0,,,,,,,,
5628,1131,,1131,CEYLON,CEYLON,13,C,C,V,USD,"Ex Akebono, del on 19/12/03, Co grp Trf fm FOSI TO PW wef Mar11, Mgt change fm TPMS to EPS wef 22/11/13",1,1,USD,,Y,Y,Y,0,,,,,,,,
6527,2129,QPSL,2129,MSC LEANNE,MSC LEANNE,13,Q,C,V,USD,"Ex Hull 2158. Deliver fm builder to buyer(Giga Box) with simutaneous dely to BB Chtr on 22/3/17 0940 LT, 0040 GMT",1,1,USD,,Y,Y,Y,0,,,,,,,,
6527,2129,QUBIC,2129,MSC LEANNE,MSC LEANNE,13,Q,C,V,USD,"Ex Hull 2158. Deliver fm builder to buyer(Giga Box) with simutaneous dely to BB Chtr on 22/3/17 0940 LT, 0040 GMT",1,1,USD,,Y,Y,Y,0,,,,,,,,
6527,2129,EPS,2129,MSC LEANNE,MSC LEANNE,13,Q,C,V,USD,"Ex Hull 2158. Deliver fm builder to buyer(Giga Box) with simutaneous dely to BB Chtr on 22/3/17 0940 LT, 0040 GMT",1,1,USD,,Y,Y,Y,0,,,,,,,,
5629,2142,,2142,IBERIAN SEA,IBERIAN SEA,13,C,C,V,USD,"Ex Hull NTP 0157, Delivered fm Builder on 17/11/18 0915 hrs LT, 0115 hrs GMT, Sale & BB Chtr in",1,1,USD,,Y,Y,Y,0,,,,,,,,
5631,2142,,2142,IBERIAN SEA,IBERIAN SEA,13,C,C,V,USD,"Ex Hull NTP 0157, Delivered fm Builder on 17/11/18 0915 hrs LT, 0115 hrs GMT, Sale & BB Chtr in",1,1,USD,,Y,Y,Y,0,,,,,,,,
5632,2143,,2143,LEVANTINE SEA,LEVANTINE SEA,13,C,C,V,USD,"Ex Hull NTP 0158. Sale & BB Chtr in, Delivered fm Builder on 13/11/18 1000 hrs LT, 0200 hrs GMT",1,1,USD,,Y,Y,Y,0,,,,,,,,
5677,2143,,2143,LEVANTINE SEA,LEVANTINE SEA,13,C,C,V,USD,"Ex Hull NTP 0158. Sale & BB Chtr in, Delivered fm Builder on 13/11/18 1000 hrs LT, 0200 hrs GMT",1,1,USD,,Y,Y,Y,0,,,,,,,,
5633,2163,,2163,HULL 758,HULL 758,13,C,C,V,USD,Est Delivery - 31/5/20,1,1,USD,,Y,Y,Y,0,,,,,,,,
5646,2163,,2163,HULL 758,HULL 758,13,C,C,V,USD,Est Delivery - 31/5/20,1,1,USD,,Y,Y,Y,0,,,,,,,,
5639,2133,,2133,PACIFIC AZUR,PACIFIC AZUR,13,C,C,V,USD,"Ex Hull 749. Vsl del fm Builder and thereafter on BB chtr fm Friend Shine on 8/1/19, trf fm QPSL to QCT grp wef Jan 2019",1,1,USD,,Y,Y,Y,0,,,,,,,,
5641,2134,,2134,PACIFIC JASPER,PACIFIC JASPER,13,C,C,V,USD,Ex Hull 750. Trf fm QPSL to QCT wef Jan2019. Vsl del fm Builder+ on BB chtr in fm Friend Shine on23/4/19 0931 hrs LT,1,1,USD,,Y,Y,Y,0,,,,,,,,
5634,2164,,2164,HULL 759,HULL 759,13,C,C,V,USD,Est Delivery - 30/6/20,1,1,USD,,Y,Y,Y,0,,,,,,,,
5643,905,,905,BARENTS SEA,BARENTS SEA,13,C,C,V,USD,"Korea-Hyundai x H1188 delivered 4Jan00 (trf fm FOSI TO PW wef Mar11), Mgt trf fm TPM to EPS on 8/11/13",1,1,USD,,Y,Y,Y,0,,,,,,,,
5644,2094,,2094,ANDAMAN SEA,ANDAMAN SEA,13,C,C,V,USD,"Ex Forward Fortune, vsl purch on 25/9/13",1,1,USD,,Y,Y,Y,0,,,,,,,,
5673,2164,,2164,HULL 759,HULL 759,13,C,C,V,USD,Est Delivery - 30/6/20,1,1,USD,,Y,Y,Y,0,,,,,,,,
5202,2165,,2165,WINNIPEG,WINNIPEG,13,P,C,V,USD,"Ex Hull 8269. Delivered on 23/10/19 0957 LT, 0057 GMT, followed by sale on delivery fm builder with bb chtr back to us",1,1,USD,,Y,Y,Y,0,,,,,,,,
5647,2119,,2119,SULU SEA,SULU SEA,13,C,C,V,USD,"Ex Star Lady. Delivered in Kiire, Japan on 23rd September 2014 at 10:45 Hours GMT (1945 hours local time)",1,1,USD,,Y,Y,Y,0,,,,,,,,
5648,283,,283,ARAL SEA,ARAL SEA,13,C,C,V,USD,"Ex Bali Sea, Delivered on 23/3/99 x H1227, change owner, S'pore flag and name on 30/3/04",1,1,USD,,Y,Y,Y,0,,,,,,,,
5649,2120,,2120,SERENE SEA,SERENE SEA,13,C,C,V,USD,"EX Moon Lady. Delivered in Qingdao, China on 24th September 2014 at 09:30 Hours GMT (17:30 hours local time).",1,1,USD,,Y,Y,Y,0,,,,,,,,
5651,1349,,1349,FAIRWAY,FAIRWAY,13,C,C,V,USD,"Trf fm FOSI TO PW wef Mar11 (delivered on 7/1/13) - Ex Hull P0076, Mgt trf fm TPMS to EPS wef 26/11/13",1,1,USD,,Y,Y,Y,0,,,,,,,,
5652,2113,,2113,DIAMONDWAY,DIAMONDWAY,13,C,C,V,USD,"QCT VSL. Ex Hull S2041. Delivered on 21/6/16 (1430 LT, 0530 GMT)",1,1,USD,,Y,Y,Y,0,,,,,,,,
5653,1214,,1214,KARA SEA,KARA SEA,13,C,C,V,USD,"Ex Hull S-768, Trf fm FOSI to PW wef Mar11 (Sasebo NB - delivered ex yard Japn 16/4/2010), trf to EPS Mgt wef 1/11/13",1,1,USD,,Y,Y,Y,0,,,,,,,,
5654,2187,,2187,HULL 0311125,HULL 0311125,13,C,C,V,USD,,1,1,USD,,Y,Y,Y,0,,,,,,,,
5655,2188,,2188,HULL 0311126,HULL 0311126,13,C,C,V,USD,,1,1,USD,,Y,Y,Y,0,,,,,,,,
5656,2123,,2123,NECTAR SEA,NECTAR SEA,13,C,C,V,USD,Ex Sky Lady. Delivered on 5th December 2014 at 1140 Hrs GMT (1840 Hrs LT). Seller - Blenheim Shipping UK LTD of UK,1,1,USD,,Y,Y,Y,0,,,,,,,,
5657,1344,,1344,BRIGHTWAY,BRIGHTWAY,13,C,C,V,USD,Brightway Ex Hull P0059 (Co grp moved fm FOSI to PW wef Mar11)-delivered on 1/5/12 COM 27/01/14,1,1,USD,,Y,Y,Y,0,,,,,,,,
5658,1101,,1101,MARITIME JEWEL,MARITIME JEWEL,13,C,C,V,USD,"Ex Limburg, Delivered on 27/2/03, Co grp trf fm FOSI to PW in 2q12, Ship mgt chg fm TPM to EPS on 31/1/14",1,1,USD,,Y,Y,Y,0,,,,,,,,
5659,2201,,2201,HULL 19121019,HULL 19121019,13,C,C,V,USD,,1,1,USD,,Y,Y,Y,0,,,,,,,,
5662,2114,,2114,GOLDWAY,GOLDWAY,13,C,C,V,USD,Hull S2042 (QCT Vsl)-Delivered fm Builder on 10Sep16 0945 LT 0045 GMT,1,1,USD,,Y,Y,Y,0,,,,,,,,
5664,2130,,2130,DAVIS SEA,DAVIS SEA,13,C,C,V,USD,"Ex Asian Jade. Delivered fm Seller, KSF9 International S.A. of Panama, in HK on 29/4/15 at 1030 hrs LT (0230 hrs GMT)",1,1,USD,,Y,Y,Y,0,,,,,,,,
5665,2202,,2202,HULL 19121020,HULL 19121020,13,C,C,V,USD,,1,1,USD,,Y,Y,Y,0,,,,,,,,
5666,2115,,2115,SILVERWAY,SILVERWAY,13,C,C,V,USD,"QCT VSL. Ex Hull S2043. Vsl delivered on 16/1/17 1015 hr LT, 0115 hr GMT",1,1,USD,,Y,Y,Y,0,,,,,,,,
5667,992,,992,CORAL SEA,CORAL SEA,13,C,C,V,USD,"Ex HULL 1453, Hyundai Newbuilding (delivered on 23/10/03), Ship mgt chg from TPMS to EPS on 12/11/13",1,1,USD,,Y,Y,Y,0,,,,,,,,
5505,2165,,2165,WINNIPEG,WINNIPEG,13,P,C,V,USD,"Ex Hull 8269. Delivered on 23/10/19 0957 LT, 0057 GMT, followed by sale on delivery fm builder with bb chtr back to us",1,1,USD,,Y,Y,Y,0,,,,,,,,
5203,2166,,2166,YUKON,YUKON,13,P,C,V,USD,"Ex Hull 8270. Del on 10/1/20 1450 LT, followed by sale and bb back, BB Owner-Picer Marine,Panama, BB Chr-EPC(14)",1,1,USD,,Y,Y,Y,0,,,,,,,,
5209,2166,,2166,YUKON,YUKON,13,P,C,V,USD,"Ex Hull 8270. Del on 10/1/20 1450 LT, followed by sale and bb back, BB Owner-Picer Marine,Panama, BB Chr-EPC(14)",1,1,USD,,Y,Y,Y,0,,,,,,,,
4782,2167,,2167,PURPLE RAY,PURPLE RAY,13,P,C,V,USD,"Ex Hull 667. Del on 23/3/20 1145LT, 0245GMT, thereafter sale to Ocean Transit & BB in on 23/3/20 1147LT, 0247GMT",1,1,USD,,Y,Y,Y,0,,,,,,,,
4794,2167,,2167,PURPLE RAY,PURPLE RAY,13,P,C,V,USD,"Ex Hull 667. Del on 23/3/20 1145LT, 0245GMT, thereafter sale to Ocean Transit & BB in on 23/3/20 1147LT, 0247GMT",1,1,USD,,Y,Y,Y,0,,,,,,,,
5675,2118,,2118,CELTIC SEA,CELTIC SEA,13,C,C,V,USD,"Ex Sea Lady, delivered in Map Ta Phut, Thailand on 22/9/14 at 11:25 Hours GMT (1825 hours local time).",1,1,USD,,Y,Y,Y,0,,,,,,,,
5637,2178,,2178,HULL NTP 0167,HULL NTP 0167,13,C,C,V,USD,,1,1,USD,,Y,Y,Y,0,,,,,,,,
5669,2178,,2178,HULL NTP 0167,HULL NTP 0167,13,C,C,V,USD,,1,1,USD,,Y,Y,Y,0,,,,,,,,
5678,2122,,2122,CATALAN SEA,CATALAN SEA,13,C,C,V,USD,"Ex Sharp Lady. Vsl delivered in Rotterdam, Netherlands on 31/10/14 at 1025 hrs GMT (1125 hrs LT)",1,1,USD,,Y,Y,Y,0,,,,,,,,
5679,2148,,2148,CASPIAN SEA,CASPIAN SEA,13,C,C,V,USD,"Ex Hull NTP 0165, vsl delivered on 14/1/19 1030 hrs LT, 0230 hrs GMT",1,1,USD,,Y,Y,Y,0,,,,,,,,
5681,2107,,2107,NOBLEWAY,NOBLEWAY,13,C,C,V,USD,"Ex Knock Clune, vsl delivered on 2/5/14 0340 hrs @ Singapore GMT",1,1,USD,,Y,Y,Y,0,,,,,,,,
5682,2149,,2149,TYRRHENIAN SEA,TYRRHENIAN SEA,13,C,C,V,USD,"Ex Hull NTP 0166.  Delivered on 23/1/19 @ 1300 hr LT, 0500 hr GMT",1,1,USD,,Y,Y,Y,0,,,,,,,,
5683,2131,,2131,KORO SEA,KORO SEA,13,C,C,V,USD,"Ex Asian Jasper, delivered on 1/6/15 @ 0230 Hrs GMT in Chiba Japan (Seller-Afra 2 International S.A. of Panama)",1,1,USD,,Y,Y,Y,0,,,,,,,,
5992,1398,,1398,PACIFIC BERYL,PACIFIC BERYL,13,C,C,V,USD,"Ex Sanko Lynx, Mgt change fm TPMS to EPS wef 17/12/13",1,1,USD,,Y,Y,Y,0,,,,,,,,
5638,2179,,2179,HULL NTP 0168,HULL NTP 0168,13,C,C,V,USD,,1,1,USD,,Y,Y,Y,0,,,,,,,,
5676,2179,,2179,HULL NTP 0168,HULL NTP 0168,13,C,C,V,USD,,1,1,USD,,Y,Y,Y,0,,,,,,,,
5624,2180,,2180,PACIFIC BLUE,PACIFIC BLUE,13,C,C,V,USD,"Ex Hull S-1691. Vsl delivered on 6 Jan 2020, 1002 LT, 0102 GMT,  with simultaneous sale & BB Chtr back to EPC (16) Inc ",1,1,USD,,Y,Y,Y,0,,,,,,,,
5635,2180,,2180,PACIFIC BLUE,PACIFIC BLUE,13,C,C,V,USD,"Ex Hull S-1691. Vsl delivered on 6 Jan 2020, 1002 LT, 0102 GMT,  with simultaneous sale & BB Chtr back to EPC (16) Inc ",1,1,USD,,Y,Y,Y,0,,,,,,,,
6162,2077,,2077,HYUNDAI MERCURY,HYUNDAI MERCURY,40,U,C,V,USD,,1,1,USD,,Y,Y,Y,0,,,,,,,,
6172,2194,,2194,HULL 3162,HULL 3162,13,X,C,V,USD,,1,1,USD,,Y,Y,Y,0,,,,,,,,
6173,2168,,2168,HULL S989,HULL S989,13,X,C,V,USD,,1,1,USD,,Y,Y,Y,0,,,,,,,,
6174,2159,,2159,CMA CGM ARGENTIN,CMA CGM ARGENTINA,13,X,C,V,USD,"Ex Hull S985, Vsl delivered on 1/7/19 0820 LT, Korea",1,1,USD,,Y,Y,Y,0,,,,,,,,
6175,2024,,2024,FLORIDA BAY,FLORIDA BAY,13,X,C,V,USD,"Name chg fm Bavaria to Florida Bay on 11/11/19 1400 Sg Time(Ex Niledutch Giraffe wef 6/6/14,back to Bavaria on15/6/15",1,1,USD,,Y,Y,Y,0,,,,,,,,
6176,2172,,2172,HULL S990,HULL S990,13,X,C,V,USD,,1,1,USD,,Y,Y,Y,0,,,,,,,,
6177,2169,,2169,HULL S991,HULL S991,13,X,C,V,USD,,1,1,USD,,Y,Y,Y,0,,,,,,,,
6178,2022,,2022,CORONADO BAY,CORONADO BAY,13,X,C,V,USD,,1,1,USD,,Y,Y,Y,0,,,,,,,,
6179,2018,,2018,GLACIER BAY,GLACIER BAY,13,X,C,V,USD,Name chg fm Blackpool Tower to Glacier Bay wef 28 Jan 19,1,7,USD,,Y,Y,Y,0,,,,,,,,
6181,2037,,2037,MOL ABIDJAN,MOL ABIDJAN,13,X,C,V,USD,Ex MSC Abidjan. Name chg fm MSC Abidjan to MOL Abidjan on 15/7/16,1,1,USD,,Y,Y,Y,0,,,,,,,,
6183,2160,,2160,CMA CGM MEXICO,CMA CGM MEXICO,13,X,C,V,USD,Ex Hull S986. Vsl delivered on 19/7/19 1336 LT Korea,1,1,USD,,Y,Y,Y,0,,,,,,,,
6184,2027,,2027,LYME BAY,LYME BAY,13,X,C,V,USD,Vessel rename from Hanjin New Jersey on 17/9/16. Ex Hull 4029 (SUNGDONG) ,1,1,USD,,Y,Y,Y,0,,,,,,,,
6185,2081,,2081,MSC NATASHA,MSC NATASHA,13,X,C,V,USD,Rename from Maersk Eubank to MSC Natasha on 12/3/18,1,1,USD,,Y,Y,Y,0,,,,,,,,
6186,2173,,2173,HULL S992,HULL S992,13,X,C,V,USD,,1,1,USD,,Y,Y,Y,0,,,,,,,,
6187,2195,,2195,HULL 3163,HULL 3163,13,X,C,V,USD,,1,1,USD,,Y,Y,Y,0,,,,,,,,
6188,2198,,2198,HULL 3164,HULL 3164,13,X,C,V,USD,,1,1,USD,,Y,Y,Y,0,,,,,,,,
5636,2181,,2181,PACIFIC JADE,PACIFIC JADE,13,C,C,V,USD,"Ex Hull S-1692. Vsl delivered on 31 Jan 2020, 1010 LT, 0110 GMT,  with simultaneous sale & BB Chtr back to EPC (17) ",1,1,USD,,Y,Y,Y,0,,,,,,,,
5668,2181,,2181,PACIFIC JADE,PACIFIC JADE,13,C,C,V,USD,"Ex Hull S-1692. Vsl delivered on 31 Jan 2020, 1010 LT, 0110 GMT,  with simultaneous sale & BB Chtr back to EPC (17) ",1,1,USD,,Y,Y,Y,0,,,,,,,,
6194,2034,,2034,MSC ISTANBUL,MSC ISTANBUL,13,X,C,V,USD,"Ex STX Hull S-1529. delivered fm Builder STX in Goseong, Korea at 02:00 Hours UTC (11:00 Hours LT)",1,1,USD,,Y,Y,Y,0,,,,,,,,
6195,2175,,2175,HULL S993,HULL S993,13,X,C,V,USD,,1,1,USD,,Y,Y,Y,0,,,,,,,,
6196,2076,,2076,HYUNDAI LOYALTY,HYUNDAI LOYALTY,13,X,C,V,USD,,1,1,USD,,Y,Y,Y,0,,,,,,,,
6199,2039,,2039,MSC DYMPHNA,MSC DYMPHNA,13,X,C,V,USD,,1,1,USD,,Y,Y,Y,0,,,,,,,,
6202,2040,,2040,MSC SAMANTHA,MSC SAMANTHA,13,X,C,V,USD,,1,1,USD,,Y,Y,Y,0,,,,,,,,
6204,2176,,2176,HULL S994,HULL S994,13,X,C,V,USD,,1,1,USD,,Y,Y,Y,0,,,,,,,,
6205,2080,,2080,LESOTHO,LESOTHO,13,X,C,V,USD,,1,1,USD,,Y,Y,Y,0,,,,,,,,
6207,2161,,2161,CMA CGM PANAMA,CMA CGM PANAMA,13,X,C,V,USD,"Ex Hull S987. Vsl delivered on 24/9/19 1400 LT, 0600 GMT",1,1,USD,,Y,Y,Y,0,,,,,,,,
6208,2017,,2017,OSAKA TOWER,OSAKA TOWER,13,X,C,V,USD,,1,1,USD,,Y,Y,Y,0,,,,,,,,
6209,2078,,2078,HYUNDAI NEW YORK,HYUNDAI NEW YORK,13,X,C,V,USD,,1,1,USD,,Y,Y,Y,0,,,,,,,,
6211,2199,,2199,HULL 3165,HULL 3165,13,X,C,V,USD,,1,1,USD,,Y,Y,Y,0,,,,,,,,
6212,2025,,2025,CHESAPEAKE BAY,CHESAPEAKE BAY,13,X,C,V,USD,Name change from Thuringia to Chesapeake Bay wef 13/10/19. Ex Thuringia Express,1,1,USD,,Y,Y,Y,0,,,,,,,,
6213,2029,,2029,CAP ARNAUTI,CAP ARNAUTI,13,X,C,V,USD,Ex HANJIN SUBIC HULL PN 082,1,1,USD,,Y,Y,Y,0,,,,,,,,
6214,2200,,2200,HULL 3166,HULL 3166,13,X,C,V,USD,,1,1,USD,,Y,Y,Y,0,,,,,,,,
6215,2162,,2162,CMA CGM CHILE,CMA CGM CHILE,13,X,C,V,USD,Ex Hull S988. Vsl delivered on 20/12/19 1330 hrs LT,1,1,USD,,Y,Y,Y,0,,,,,,,,
6216,2140,,2140,BOTANY BAY,BOTANY BAY,13,X,C,V,USD,"Ex Pontremoli. Delivered on 28/7/16 1700 LT, 0900 GMT",1,1,USD,,Y,Y,Y,0,,,,,,,,
6218,2031,,2031,CSAV TRANCURA,CSAV TRANCURA,13,X,C,V,USD,DAEWOO HULL 4093 - Delivered fm yard on 20/12/13,1,1,USD,,Y,Y,Y,0,,,,,,,,
6223,2177,,2177,HULL S995,HULL S995,13,X,C,V,USD,,1,1,USD,,Y,Y,Y,0,,,,,,,,
6452,2074,,2074,MSC EMMA,MSC EMMA,13,X,C,V,USD,"Ex CMA CGM Enfield, Name change to Maersk Enfield on 31/10/14, thereafter change to MSC Emma on 17/3/18",1,1,USD,,Y,Y,Y,0,,,,,,,,
6462,2073,,2073,MSC ELISA,MSC ELISA,13,X,C,V,USD,"Name chg to MSC Elisa on 20/5/18, name chg fm CMA CGM Effingham to Maersk Effingham on 4/10/14. Spore Reg Co",1,1,USD,,Y,Y,Y,0,,,,,,,,
6472,2154,,2154,ACX PEARL,ACX PEARL,13,X,C,V,USD,Est Delivery - 19 Sep 18 / 18 Oct 18,1,1,USD,,Y,Y,Y,0,,,,,,,,
6473,2153,,2153,NYK MARIA,NYK MARIA,13,X,C,V,USD,"Delivered on 25/4/18 1608 hr LT, 2308 hr GMT",1,1,USD,,Y,Y,Y,0,,,,,,,,
6474,2151,,2151,NYK DENEB,NYK DENEB,13,X,C,V,USD,Est Delivery - 29 Dec 17 / 28 Jan 18,1,1,USD,,Y,Y,Y,0,,,,,,,,
6475,2152,,2152,NYK DELPHINUS,NYK DELPHINUS,13,X,C,V,USD,Delivered on 23/1/18 1400 LT 0500 GMT,1,1,USD,,Y,Y,Y,0,,,,,,,,
6476,2155,,2155,NYK THEMIS,NYK THEMIS,13,X,C,V,USD,Est Delivery - 15 Oct 18 / 14 Nov 18,1,1,USD,,Y,Y,Y,0,,,,,,,,
8001,13,EPS,13,EPS,Eastern Pacific Shipping Pte Ltd,13,S,C,S,USD,,1,3,USD,,Y,Y,Y,0,,,,,,,,
5501,2117,,2117,MOUNT DAMPIER,MOUNT DAMPIER,13,W,C,V,USD,"Name chg fm Cape Raptor on 30/6/15, EX FRONTIER OASIS, BB charter in (Capesize Bulker), Delivered on 9/9/14",1,1,USD,,Y,Y,Y,0,,,,,,,,
5501,2102,,2102,MOUNT HEDLAND,MOUNT HEDLAND,13,W,C,V,USD,"Name chg fm Cape Peregrine to Mount Hedland wef 29/7/15. Ex Sanko Power, vsl delivered on 29/1/14",1,1,USD,,Y,Y,Y,0,,,,,,,,
5501,2116,,2116,MOUNT FABER,MOUNT FABER,13,W,C,V,USD,"Ex Cape Pelican (name chg to Mount Faber wef 30/4/15). Ex Ocean Comet, delivered 8/8/14,BB cht in(Capesize Bulker)",1,1,USD,,Y,Y,Y,0,,,,,,,,
5501,2051,,2051,MOUNT KINABALU,MOUNT KINABALU,13,W,C,V,USD,"Name chg fm Cape Albatross to Mount Kinabalu on 4/9/15, vsl redelivered fm TC & simultaneously delived into BB Chtr in ",1,1,USD,,Y,Y,Y,0,,,,,,,,
5501,2089,,2089,LAKE FUXIAN,LAKE FUXIAN,13,W,C,V,USD,Ex CSAV Rio Grey. Name change to Lake Fuxian on 9/8/16,1,1,USD,,Y,Y,Y,0,,,,,,,,
5501,2033,,2033,LAKE GENEVA,LAKE GENEVA,13,W,C,V,USD,Ex Imabari S-1601. Delivered fm shipyard & simultaneously sold & del into bb chtr back to Ppl in Imabari S/Y on 27/1/15,1,1,USD,,Y,Y,Y,0,,,,,,,,
8001,14,OFFICE,14,*FOSI Vsls-dont ,FIRST OMEGA SHIPPING INC.-don't use,12,M,C,M,USD,,1,2,USD,,Y,Y,N,0,,,,,,,,
